<?xml version='1.0' encoding='UTF-8'?>
<project>
  <actions/>
  <description>MSBuild</description>
  <keepDependencies>false</keepDependencies>
  <properties/>
  <scm class="hudson.plugins.git.GitSCM" plugin="git@3.0.1">
    <configVersion>2</configVersion>
    <userRemoteConfigs>
      <hudson.plugins.git.UserRemoteConfig>
        <url>https://github.com/Sivapavan/GITRepo.git</url>
        <credentialsId>f377ed81-f1d2-4f5f-b0e9-a0d37fe5f663</credentialsId>
      </hudson.plugins.git.UserRemoteConfig>
    </userRemoteConfigs>
    <branches>
      <hudson.plugins.git.BranchSpec>
        <name>*/master</name>
      </hudson.plugins.git.BranchSpec>
    </branches>
    <doGenerateSubmoduleConfigurations>false</doGenerateSubmoduleConfigurations>
    <submoduleCfg class="list"/>
    <extensions/>
  </scm>
  <canRoam>true</canRoam>
  <disabled>false</disabled>
  <blockBuildWhenDownstreamBuilding>false</blockBuildWhenDownstreamBuilding>
  <blockBuildWhenUpstreamBuilding>false</blockBuildWhenUpstreamBuilding>
  <authToken>yes</authToken>
  <triggers>
    <hudson.triggers.TimerTrigger>
      <spec>* * * * *</spec>
    </hudson.triggers.TimerTrigger>
    <hudson.triggers.SCMTrigger>
      <spec>* * * * *</spec>
      <ignorePostCommitHooks>false</ignorePostCommitHooks>
    </hudson.triggers.SCMTrigger>
  </triggers>
  <concurrentBuild>false</concurrentBuild>
  <builders>
    <hudson.tasks.BatchFile>
      <command>echo &quot;Project Started&quot;</command>
    </hudson.tasks.BatchFile>
    <hudson.plugins.msbuild.MsBuildBuilder plugin="msbuild@1.26">
      <msBuildName>MsBuild</msBuildName>
      <msBuildFile>C:\Users\Administrator\Documents\Visual Studio 2015\Projects\ConsoleApplication1\ConsoleApplication1.sln</msBuildFile>
      <cmdLineArgs></cmdLineArgs>
      <buildVariablesAsProperties>false</buildVariablesAsProperties>
      <continueOnBuildFailure>false</continueOnBuildFailure>
      <unstableIfWarnings>false</unstableIfWarnings>
    </hudson.plugins.msbuild.MsBuildBuilder>
  </builders>
  <publishers/>
  <buildWrappers/>
</project>
